brand,name,seller,old_price,new_price,reviews_rating_number,reviews_amount
LENOVO,Notebook Lenovo Thinkpad T480 14  I5 8ª 8gb Ssd 256gb,Por Micro Livre ,1.719,171,4.8,(71)
DELL,Notebook Dell Latitude 7490 I5 32gb Ssd 480gb,,3.560,2.314,,
ASUS,"Notebook ASUS VivoBook Go 15 AMD Ryzen 5 7520U 8GB 512GB SSD KeepOS Tela 15,6"" FHD Mixed Black - E1504FA-NJ732",Por Asus ,3.099,2.699,4.8,(841)
ASUS,"Notebook Asus Vivobook Go 15 E510ka Intel Celeron Dual Core N4500 4gb Ram 128gb Emmc Windows 11 Home 15,60 Hd Rosa - Br833ws",Por Asus ,2.099,1.649,4.6,(281)
,2x5 Conjuntos De Fivelas De Couro Em Forma De Pêra Bolsa,,99,63,,
SAMSUNG,"Notebook Samsung Galaxy Book4 Intel® U300 (1.20 Ghz, até 4.4GHz, 8 MB L3 Cache), Windows 11 Home, 8GB, 256GB SSD, UHD Graphics, 15.6'' Full HD LED, 1.55kg",Por Vikings ,4.165,2.564,4.8,(5062)
SAMSUNG,"Notebook Samsung Galaxy Book4 Intel® Core™ i5-1335U (1.3 Ghz, até 4.6GHz, 12 MB L3 Cache), Windows 11 Home, 8GB, 512GB SSD, Iris Xe, 15.6'' Full HD LED, 1.55kg",Por Vikings ,5.831,3.311,4.8,(893)
ACER,Notebook Acer Aspire 5 A515-45-r0xr Ryzen7 8gb 256gb Ssd 15.6 Full Hd Linux Gutta,Por Vikings ,4.831,2.727,4.8,(422)
ACER,Notebook Gamer Acer Nitro V Intel Core i7 13ª Geração 16GB 512GB RTX4050 Linux Gutta 15.6' FHD ANV15-51-7037,Por Acer Brasil ,7.299,6.399,4.8,(1325)
SAMSUNG,"Notebook Samsung Book 4 I3 1315u 8gb 512gb Ssd 15,6' W11 Pro Cor Grafite",Por Eshop ,4.030,2.869,4.9,(3480)
ACER,Notebook Acer Predator Gamer Phn16-71-72w6 I7-13650hx 16gb 512gb Ssd Rtx 4060 Windows 11 Home Tela 16 Wuxga,Por Acer Brasil ,10.999,8.599,4.9,(549)
ACER,Notebook Acer Aspire 5 A15-51M-54E6 / Intel Core™ i5-13420H de 13ª Geração / 8GB / 512SSD / Windows 11 Home / 15.6” Full HD,Por Acer Brasil ,3.599,3.099,4.9,(151)
ACER,Notebook Acer Aspire 5 Ryzen 7 15.6 Radeon 512gb 8gb Linux,Por Mobcom ,8.558,2.899,4.8,(349)
ASUS,"Notebook Asus X515 Intel Celeron Dual Core N4500 4gb Ram 128gb Ssd Windows 11 Home Tela 15,6 Led Hd Slate Grey - Br309ws",Por Asus ,2.599,1.844,4.7,(119)
,"Notebook VAIO FE15 Intel Core i5 12th 16GB 512GB SSD Tela 15,6'' Full HD Antirreflexo Windows 11 Home Cinza Grafite B2621H",Por INPOWER ,5.639,3.699,4.8,(333)
LENOVO,"Notebook Lenovo Ideapad 1 Intel Core i3 1215U 8GB RAM 256GB SSD Windows 11 Home Tela 15,6"" 82VY000SBR",,3.499,2.549,4.8,(4583)
ASUS,"Notebook Asus vivobook 15 x1504za intel core i5 1235u 8gb ram 512gb ssd linux keepos tela 15,6 fhd blue nj983",Por Asus ,3.399,2.855,4.8,(181)
LENOVO,"Notebook Lenovo Ideapad 1i Intel Core I3 - 1215U, 4GB RAM, 256GB SSD, Windows 11 Home, Tela 15.6'' - 82VY000TBR Cor cinza",Por INPOWER ,3.253,2.277,4.8,(1214)
DELL,Notebook Dell Inspiron I15-i120k-a25p I5 8gb 512gb 15.6 W11,Por Dell ,3.698,3.302,4.8,(1000)
ACER,"Notebook Acer Aspire 5 Intel Core I5 - 12450H 8GB RAM 256GB SSD Windows 11 Home Tela 15,6"" Full HD A515-57-55B8",Por Mercado Livre ,4.117,2.956,4.8,(6349)
,"Notebook Positivo Duo 2 em 1 Intel Celeron C4128B-3 4GB 128GB 11,6"" IPS HD Windows 11",Por Positivo ,1.705,170,4.5,(4102)
HP,Notebook Hp 256r G9 Intel Core I3-1315u 15.6 Hd Intel Uhd Graphics 256gb Ssd 8gb Ram Windows 11 Home 64 Sl - AN1A2LA#AK4,Por HP ,3.137,2.429,5.0,(24)
ACER,"Notebook Acer A515-57-5429 Intel Core i5-12450H 16GB RAM 512GB SSD Tela de 15,6'' Linux Gutta",Por Mercado Livre ,4.285,2.937,4.8,(973)
LENOVO,Lenovo Loq-e I5 Rtx3050 16gb+controle Xbox Pc+gift Card R$50,Por Mobcom ,6.656,4.999,,
DELL,Notebook Dell Inspiron I15-i120k-a15p I3 8gb 512gb 15.6 W11,Por Dell ,3.299,2.997,4.8,(558)
,Notebook Positivo Vision C15 Lumina Bar Celeron 4gb 128gb Emmc Tela 15 Hd Antirreflexo Windows 11 Tecla Link Cinza,Por Positivo ,1.999,1.599,4.6,(2791)
ACER,Notebook Acer Gamer Nitro V15 Intel Core I7 13ª Ger. 16gb 512ssd Rtx3050 Com 6gb Gddr6 Nvidia Geforce Linux Gutta ANV15-51-73E9,Por Vikings ,9.998,6.099,4.8,(111)
ACER,Notebook Acer Aspire 15 A15-51M-56KR / Intel® Core™ i5-13420H 13ª geração / 16 GB / 512SSD / 15.6” Full HD,Por Acer Brasil ,3.599,3.099,4.8,(157)
ACER,Notebook Acer Nitro V15 ANV15-51-58AZ Core I5-13420h 8gb 512gb Rtx 3050 Cor Preto,Por Mercado Livre ,7.398,5.264,4.8,(747)
ACER,Notebook Acer Aspire 5 A515-45-R36L Ryzen 7 15.6 Radeon 512gb 12gb Linux,,4.356,3.217,4.8,(644)
,"Notebook Positivo Vision C15 Lumina Bar Celeron, 8GB 128GB eMMC, Tela 15.6"" HD Antirreflexo, Windows 11, Tecla Link, Cinza",Por Positivo ,3.331,1.799,4.6,(705)
ASUS,Notebook Asus Tuf Gaming Rtx3050 Core I5 16gb 512ssd W11,Por Mercado Livre ,6.499,5.665,4.9,(156)
ASUS,"Notebook ASUS Vivobook 15 Core I5 1235U 3.3 GHz 8GB Ram 256GB SSD W11 Home Tela 15,6” NanoEdge Full HD Cool Silver X1504ZA-NJ985W",Por Mercado Livre ,3.199,2.941,4.8,(166)
LENOVO,Lenovo Thinkpad P16 Intel Core Ultra 7 16gb Rtx 500 512gb W11 Pro,Por Lenovo ,10.799,1.037,,
ASUS,"Notebook ASUS Vivobook 15 X1504ZA Intel Core i5 1235U 8GB Ram 512GB SSD Windows 11 Tela 15,6"" FHD Blue - NJ987W",Por Asus ,3.699,2.895,4.9,(375)
ACER,Notebook Acer Gamer Nitro V15 Intel Core i7 13ª Ger. 32GB 512SSD RTX3050 com 6GB GDDR6 Nvidia GeForce Linux Gutta ANV15-51-73BP,Por Vikings ,10.498,6.299,4.9,(102)
LENOVO,"Notebook Lenovo Ideapad 1i Intel Core i5 - 1235U, 16gb RAM, 512GB SSD, Windows 11 Home, Tela 15,6'' - 82vy000xbr - Cloudgrey",Por Lenovo ,3.249,312,4.8,(4583)
LENOVO,Notebook Ideapad 1 R3 8gb 256gb W11 15.6 82x5000abr AMD Ryzen 3,Por Lenovo ,2.379,228,4.8,(505)
ASUS,"Notebook ASUS Vivobook Go 15 E1504FA-NJ836W AMD Ryzen 5 7520U 2,8 GHz 8GB 512GB SSD Windows 11 Home 15,6"" Full Hd Preto",Por Login ,3.599,2.990,4.8,(344)
DELL,Notebook Dell Inspiron I15-i120k-a10p 15.6 I3 8gb 256gb W11,Por Dell ,3.199,3.039,4.8,(1018)
LENOVO,"Notebook Lenovo IdeaPad 1i Intel Core i5-1235U 8GB 512GB SSD Windows 11 Home 14"" 83AF000EBR",Por Lenovo ,2.894,278,4.8,(4583)
LENOVO,Lenovo Loq-e I5 Rtx3050 16gb+controle Xbox Pc+gift Card R$50,Por Mobcom ,6.999,5.199,,
SAMSUNG,"Notebook Samsung Galaxy Book4, Windows 11 Home, Intel® Core I5, 8gb, 256gb Ssd, 15.6'' Full Hd Led, 1.55 Kg - Grafite",,4.999,3.379,4.9,(1135)
HP,Notebook Hp 256r G9 Intel Core I5-1335u 15.6 Hd Intel Uhd Graphics 256gb Ssd 8gb Ram Windows 11 Home 64 Sl- Ay6z4la#ak4,Por HP ,3.803,2.854,4.8,(62)
ASUS,Notebook Asus Vivobook 16 Intel Core I7 1355U 16GB RAM 1TB SSD Windows 11 Home Tela 16 Fhd Cool Silver – X1605VA-MB764W,Por Mercado Livre ,5.199,519,4.8,(100)
LENOVO,Notebook Lenovo Ideapad 1 Ryzen 5 - 7520u 8gb 512gb Ssd Linux 15.6 82X5S00500,Por Lenovo ,2.469,237,4.8,(505)
LENOVO,"Notebook Lenovo IdeaPad 1 15IAU7 Intel Core i7-1255U HD 15.6"" Intel Iris Xe 512GB SSD 12GB RAM Windows 11- 82VY000PBR",Por Carrefour ,4.599,3.999,4.7,(209)
,Notebook Positivo Vision C14 Lumina Bar Celeron 8gb 256gb Emmc Tela 14 Polegadas Hd Antirreflexo Linux Tecla Link - Cinza,Por Positivo ,2.099,1.437,4.5,(243)
,"Notebook Positivo Vision I15 Lumina Bar I3-n300, 8gb 256gb Ssd, Tela 15 Polegadas Full Hd Antirreflexo Linux - Preto",Por 123 Comprou ,4.499,2.294,5.0,(2)
ASUS,"Notebook ASUS Vivobook 15 M1502YA AMD Ryzen 7 7730U 8GB Ram 512GB SSD Linux KeepOS 15,6"" FHD Cool Silver - NJ494",Por Mercado Livre ,3.599,3.131,5.0,(4)
SAMSUNG,"Notebook Samsung Galaxy Book4, Windows 11 Home, Intel® Core I5, 8gb, 256gb Ssd, 15.6'' Full Hd Led, 1.55 Kg - Grafite",,4.999,3.379,4.9,(1135)
,"Notebook Positivo Vision C15 Lumina Bar Celeron, 8GB 128GB eMMC, Tela 15.6"" HD Antirreflexo, Windows 11, Tecla Link, Cinza",Por Positivo ,3.331,1.799,4.6,(705)
,Notebook Multi Ultra Celeron N4020c 4gb 128gb W11 14'' Cinza,Por 123 Comprou ,2.531,1.499,4.6,(152)
SAMSUNG,"Notebook Samsung Book 4 Intel i5 1335u 8gb 256gb Ssd 15,6' Windows 11 Pro",Por Eshop ,4.619,3.590,5.0,(13)
,"Notebook Positivo Vision I15 Lumina Bar, Core I3, 11th, 8gb 256gb Ssd, Tela 15 Polegadas Full Hd Antirreflexo, W11 - Ci",Por Mega Mamute ,3.629,2.399,4.8,(102)
ASUS,Notebook Asus Tuf Gaming Rtx3050 Core I5 16gb 512ssd W11,Por Mercado Livre ,6.499,5.665,4.9,(156)
,"Notebook VAIO FE15, Intel® Core i5 11th, 8GB 512GB SSD, Tela 15,6'' Full HD Antirreflexo, Linux - Cinza Grafite, VJFE55F11XB0221H",,3.509,3.199,5.0,(2)
ASUS,"Notebook Asus Vivobook Go 15 E1504ga Intel Core I3 N305 4gb Ram 128gb Ssd Windows 11 Tela 15,6 Fhd Silver - Nj440w",Por Webfones ,2.999,2.209,4.8,(272)
LENOVO,Notebook Lenovo T14 I5 16gb 256gb Ssd Tela 14  Fhd,,2.190,219,4.6,(13)
,"Notebook Positivo Vision R15 Lumina Bar, AMD Ryzen 5 8GB 256GB, Tela 15 polegadas Full HD Antirreflexo, Linux - Preto",Por Positivo ,4.265,2.549,5.0,(1)
LENOVO,Notebook Celeron 15.6 128gb Ssd 4gb W11 82bu0006br Lenovo Cor Prateado,Por 123 Comprou ,3.665,2.199,4.6,(2368)
,"Notebook Chromebook Clamshell, 14, 32gb/4gb - Pc918a Cor Preto",Por Loja Multi ,1.399,140,4.7,(14)
ACER,"Notebook Aspire 5 A515-57-58w1 I5 Linux 8gb 256gb 15,6' Fhd",Por Acer Brasil ,3.799,2.699,4.8,(45)
ACER,Notebook Gamer Predator Helios Neo / Phn16-72-74vx / Intel® Core I7-14700hx De 14ªgeração / 16gb / 512ssd / Windows 11 Home / Nvidia Geforce Rtx 4070 Gddr6 / Tela 16,Por Acer Brasil ,12.999,10.599,4.8,(47)
,"Notebook Positivo Vision I15 Lumina Bar, Core I3, 11th, 8gb 512gb Ssd, Tela 15 Polegadas, Full Hd Antirreflexo, Windows 11 - Cinza",Por Positivo ,3.937,2.679,4.8,(12)
LENOVO,"Notebook Lenovo IdeaPad 1i Intel Core i3-1215U 4GB 256GB SSD Windows 11 Home 15.6"" 82VY000UBR Com 2 Anos Premium Care",Por Carrefour ,2.999,2.599,4.7,(36)
LENOVO,Lenovo Thinkpad P16 Intel Core Ultra 7 16gb Rtx 500 512gb W11 Pro,Por Lenovo ,10.799,1.037,,
ASUS,"Notebook ASUS Vivobook 15 X1504ZA Intel Core i5 1235U 8GB Ram 512GB SSD Windows 11 Tela 15,6"" FHD Blue - NJ987W",Por Asus ,3.699,2.895,4.9,(375)
ACER,"Notebook Gamer Acer Nitro V15 I7-13620h 13ªGen 8gb 512gb Rtx3050 6gb Linux 15.6"" FHD Preto - Anv15-51-7837",Por INPOWER ,7.599,5.399,3.0,(4)
LENOVO,Notebook Lenovo V14 Amd R5 7520u 8gb 256gb Ssd W11 Pro Preto,Por 2Eletro ,4.110,3.229,,
ACER,Acer Aspire 5 15.6 Fhd I7-12650h Ssd 256gb 8gb Linux Gutta Cor Gamut,Por INPOWER ,4.629,3.299,4.8,(136)
LENOVO,"Notebook Lenovo Ideapad 1i Intel Core i5 - 1235U, 16gb RAM, 512GB SSD, Windows 11 Home, Tela 15,6'' - 82vy000xbr - Cloudgrey",Por Lenovo ,3.249,312,4.8,(4583)
LENOVO,Notebook Ideapad 1 R3 8gb 256gb W11 15.6 82x5000abr AMD Ryzen 3,Por Lenovo ,2.379,228,4.8,(505)
ASUS,"Notebook ASUS Vivobook Go 15 E1504FA-NJ836W AMD Ryzen 5 7520U 2,8 GHz 8GB 512GB SSD Windows 11 Home 15,6"" Full Hd Preto",Por Login ,3.599,2.990,4.8,(344)
LENOVO,"Notebook Lenovo IdeaPad 1i Intel Core i5-1235U 8GB 512GB SSD Windows 11 Home 14"" 83AF000EBR",Por Lenovo ,2.894,278,4.8,(4583)
LENOVO,Lenovo Loq-e I5 Rtx3050 16gb+controle Xbox Pc+gift Card R$50,Por Mobcom ,6.999,5.199,,
SAMSUNG,"Notebook Samsung Galaxy Book4, Windows 11 Home, Intel® Core I5, 8gb, 256gb Ssd, 15.6'' Full Hd Led, 1.55 Kg - Grafite",,4.999,3.379,4.9,(1135)
ACER,Notebook Acer Aspire 5 A515-45-r0xr Ryzen7 8gb 256gb Ssd 15.,Por Grand Commerce ,4.499,2.949,,
HP,Notebook Hp 256r G9 Intel Core I5-1335u 15.6 Hd Intel Uhd Graphics 256gb Ssd 8gb Ram Windows 11 Home 64 Sl- Ay6z4la#ak4,Por HP ,3.803,2.854,4.8,(62)
LENOVO,Notebook Lenovo Ideapad 1 Ryzen 5 - 7520u 8gb 512gb Ssd Linux 15.6 82X5S00500,Por Lenovo ,2.469,237,4.8,(505)
LENOVO,"Notebook Lenovo Ideapad 1i Intel Core i5 - 1235U, 8GB RAM, 512GB SSD, Windows 11 Home, Tela 15,6'' HD - 82VY000QBR",Por Lenovo ,2.932,293,4.8,(3685)
,Notebook Multi Ultra Celeron N4020c 4gb 128gb W11 14'' Cinza,,1.399,135,4.6,(152)
LENOVO,"Notebook Lenovo Ideapad Intel Celeron - N4020, 4GB RAM, 128SSD, Windows 11 Home C/office, Tela Led 15,6"", Cor Cinza - 82VX0001BR",Por Siberiano ,2.299,1.927,4.7,(1726)
SAMSUNG,"Samsung Chromebook 4 Intel Celeron N4020 4GB 64GB Tela 11.6"" Prata XE310XBA-KT4BR",,1.899,1.449,4.5,(146)
,Notebook Positivo Vision C14 Lumina Bar Celeron 8gb 256gb Emmc Tela 14 Polegadas Hd Antirreflexo Linux Tecla Link - Cinza,Por Positivo ,2.099,1.437,4.5,(243)
LENOVO,Notebook I5 Tela Touch Ssd 256gb 32gb Fhd Hdmi Usb-c Tb3 T14,,3.999,2.799,5.0,(5)
ACER,"Notebook Gamer Acer Nitro V Intel Core I5 - 13420H, 8GB Ram, 512GB SSD, NVIDIA RTX4050, Windows 11 Home, Tela 15,6"" Full HD - ANV15-51-54DL",Por Acer Brasil ,5.541,554,4.8,(978)
LENOVO,"Ultrabook Lenovo ThinkPad L14 preto 14"", AMD AMD Ryzen 5 PRO 4650U 4650U 8 GB de RAM 256 GB SSD, AMD Radeon Graphics 60 Hz 1366x768px Windows 10 Pro",Por Itotal ,4.223,3.378,5.0,(5)
ACER,Notebook Acer Aspire 3 A315-510p-34xc Intel Core I3 8gb,Por Carrefour ,3.299,2.699,,
ACER,"Notebook Acer TravelMate TMP214-55-54ZZ Intel® Core™ i5 – 1335U de 13ªGen 16GB 512GB SSD W11 Pro 14""",Por Acer Brasil ,7.999,799,,
ASUS,"Notebook Gamer ASUS TUF Gaming A15 AMD Ryzen 7 7435HS 3,1 GHz RTX3050 16GB RAM 512GB SSD Windows 11 Home Tela 15,6 144Hz IPS FHD Graphite Black - FA506NCR-HN088W",Por Mercado Livre ,6.499,649,5.0,(11)
LENOVO,Notebook Lenovo Ideapad 1 15iau7 Intel Core I5-1235u 8gb,Por Carrefour ,3.699,3.089,5.0,(5)
LENOVO,"Notebook Lenovo Ideapad 1i Intel Core i3 1215U 4GB 256GB Linux 15,6"" HD 82VYS00600",Por Lenovo ,2.084,200,4.8,(4583)
DELL,Notebook Dell 15.6 Fhd I5 8gb 512gb Ssd Rtx 3050,Por Dell ,5.999,5.699,4.5,(14)
DELL,Notebook Core I5 Dell Latitude 16gb Ram 256gb Ssd M2,,2.999,288,4.3,(109)
SAMSUNG,"Samsung Chromebook Intel Celeron N4020 4gb 64gb 11,6'' Prata",Por 123 Comprou ,2.331,1.993,5.0,(16)
ASUS,"Notebook ASUS TUF Gaming A15 FA506NCR NVIDIA RTX 3050 AMD Ryzen 7 7435HS 8Gb Ram 512Gb SSD Linux KeepOS Tela 15,6"" FHD Nível IPS 144Hz Black - HN089",Por Asus ,6.899,5.312,5.0,(4)
ACER,Notebook Acer Aspire 54e6 Ci5 13ªg 8gb 512ssd W11 Home 15.6,Por Acer Brasil ,3.599,3.299,5.0,(7)
ACER,Notebook Acer Aspire 56kr Intel Ci5 13ªg 16gb 512ssd 15.6,Por Acer Brasil ,3.599,3.299,4.8,(11)
,"Notebook Presario CQ-25 14.1"" gray 4GB de Ram - 120GB SSD - Intel Pentium",,1.099,,4.2,(33)
LENOVO,Notebook Lenovo V14 G4 Amd Ryzen 3 8gb 256gb Ssd Dos 14,Por Lenovo ,2.114,203,,
LENOVO,"Notebook Lenovo IdeaPad 1i Intel Core i7-1255U 16GB 512GB SSD Windows 11 Home 15.6"" 82VY000NBR",Por Lenovo ,4.034,387,4.8,(4583)
,"Notebook Positivo Vision R15 Lumina Bar, Amd Ryzen 7 8gb 256gb, Tela 15 Full Hd Antirreflexo, Linux - Preto",Por Positivo ,3.599,2.499,4.7,(70)
LENOVO,Notebook Lenovo Ideapad 1 Ryzen 5 7520U 8gb 512gb W11 15.6 HD 82x5000gbr,Por Lenovo ,2.719,261,4.8,(505)
LENOVO,Notebook Lenovo Ideapad 1 Ryzen 3 7320U 4gb 256gb SSD Linux 15.6 HD 82x5s00600,Por Lenovo ,1.939,186,4.7,(203)
,"Notebook Positivo Vision R15 Lumina Bar, Amd Ryzen 7 32gb 512gb, Tela 15 Polegadas Full Hd Antirreflexo, Linux - Preto",Por Positivo ,4.299,3.299,4.7,(15)
SAMSUNG,"Notebook Samsung Galaxy Book Go Snapdragon 7c Kryo 468 Octa-core 4GB RAM 128GB SSD 14"" Full HD W11 com Office 365 NP340XLA-K07BR",,2.099,201,4.7,(739)
SAMSUNG,"Notebook Samsung Galaxy Book4, Windows 11 Home, Intel® Core I5, 8gb, 256gb Ssd, 15.6'' Full Hd Led, 1.55 Kg - Grafite",,4.999,3.379,4.9,(1135)
,"Notebook Positivo Vision C15 Lumina Bar Celeron, 8GB 128GB eMMC, Tela 15.6"" HD Antirreflexo, Windows 11, Tecla Link, Cinza",Por Positivo ,3.331,1.799,4.6,(705)
,Notebook Multi Ultra Celeron N4020c 4gb 128gb W11 14'' Cinza,Por 123 Comprou ,2.531,1.499,4.6,(152)
SAMSUNG,"Notebook Samsung Galaxy Book Go Snapdragon 7c Kryo 468 Octa-core 4GB RAM 128GB SSD 14"" Full HD W11 com Office 365 NP340XLA-K07BR",,2.099,201,4.7,(739)
DELL,Notebook Dell Latitude 7490 I7 8° 16gb Ssd 512gb Win 11,,2.999,299,5.0,(1)
,Notebook Vaio Fe 16 Amd Ryzen 7 - 5700u Linux 32gb 512gb Ssd Tela 16 Ips Wuxga Antirreflexo - Cinza Grafite - Vjfe69f11xb0911h,Por Vaio ,4.759,3.949,5.0,(6)
LENOVO,Notebook Ideapad 1i Intel Core i5 12gb 512gb Linux 82vys00900 Cloud Grey,Por Lenovo ,2.809,269,4.8,(4583)
,"Notebook Motion Q4128ci 14.1"" existential gray 4GB de Ram - 128GB SSD - Intel Atom",,1.299,129,4.2,(148)
ASUS,Notebook Asus Core I5 1235u 8gb Ssd 256gb 15.6 Windows 11,Por 2Eletro ,4.000,3.035,5.0,(1)
,"Notebook Chromebook Clamshell, 14, 32gb/4gb - Pc918a Cor Preto",Por Loja Multi ,1.399,140,4.7,(14)
LENOVO,Notebook Celeron 15.6 128gb Ssd 4gb W11 82bu0006br Lenovo Cor Prateado,Por 123 Comprou ,3.665,2.199,4.6,(2368)
ACER,Acer Aspire 5 15.6 Fhd I7-12650h Ssd 256gb 8gb Linux Gutta Cor Gamut,Por INPOWER ,4.629,3.299,4.8,(136)
LENOVO,"Notebook Lenovo Ideapad 1i Celeron N4020 4gb 128gb W11 15,6'",Por 123 Comprou ,3.665,3.481,4.7,(18)
SAMSUNG,"Notebook Samsung Book4 I5 1335u 8gb 256gb 15,6 W11p Np754xgj",Por 2Eletro ,3.800,3.499,,
,"Notebook Chromebook Clamshell, 14, 32gb/4gb - Pc918a Cor Preto",Por Loja Multi ,1.399,140,4.7,(14)
,"Notebook Positivo Vision i15 Lumina Bar i3-N300, 8GB 512GB SSD, Tela 15 polegadas Full HD Antirreflexo Linux - Cinza",Por Positivo ,2.699,2.298,4.6,(281)
ACER,"Notebook Gamer Acer Nitro V ANV15-51-57WS Intel® Core™ i5-13420H 13ªGeração 512SSD 8GB Nvidia® GeForce® RTX 3050 GDDR6 Linux Gutta 15,6'",Por Acer Brasil ,5.030,503,4.8,(2647)
SAMSUNG,"Notebook Samsung Book4 I3 1315u 8gb 512gb 15,6 W11p Np754xgj",Por 2Eletro ,3.800,2.771,4.7,(3)
,"Notebook Positivo Vision R15 Lumina Bar, AMD Ryzen 5 8GB 256GB, Tela 15 polegadas Full HD Antirreflexo, Linux - Preto",Por Positivo ,4.265,2.549,5.0,(1)
LENOVO,Notebook Lenovo V14 Amd R5 7520u 8gb 256gb Ssd W11 Pro Preto,Por 2Eletro ,4.110,3.229,,
ACER,"Notebook Gamer Acer Nitro V15 I7-13620h 13ªGen 8gb 512gb Rtx3050 6gb Linux 15.6"" FHD Preto - Anv15-51-7837",Por INPOWER ,7.599,5.399,3.0,(4)
SAMSUNG,"Notebook Samsung Galaxy Book4, Windows 11 Home, Intel® Core 5, 16gb, 512gb Ssd, Nvidia® Geforce® Mx570, 15.6'' Full Hd Led, Fingerprint - Grafite",Por Samsung ,4.899,4.464,4.9,(198)
LENOVO,Notebook Lenovo Ideapad 1 R3-7320U 4GB de RAM 256GB SSD W11 Home 15.6 82x5000ebr,Por Lenovo ,2.114,203,4.8,(505)
ASUS,"Notebook Asus Vivobook Go E1504ga Intel Core I3 N305 8gb Ram 512gb Ssd Linux Keepos Tela 15,6 Fhd Silver - Nj438",Por Asus ,2.799,2.499,4.9,(72)
LENOVO,"Notebook Ideapad 1i Intel Core i7 1255U, 12GB RAM, 512GB SSD, Linux, Tela 15,6"" HD 82VYS01000",Por Lenovo ,3.419,328,4.8,(4583)
,"MacBook Air M1 2020 13"" cinza-espacial 8GB de Ram - 256GB SSD - Apple Chip",,5.999,599,4.9,(236)
ACER,Notebook Acer Aspire 3 A315-510p-34xc 8gb 256gb Ssd,Por TNT Info ,3.116,311,,
ASUS,"Notebook Asus Vivobook Go 15 E1504fa Amd Ryzen 5 7520u 8gb Ram 1tb Ssd Linux Keepos Tela 15,6 Fhd Black - Nj1289",Por Asus ,3.299,2.738,4.8,(44)
LENOVO,Notebook Lenovo Ideapad 1i Celeron Office 365 4gb 128gb W11,,2.479,1.799,4.8,(98)
ASUS,"Notebook Asus Vivobook Go 15 E1504fa Amd Ryzen 5 7520u 16gb Ram 512gb Ssd Linux Keepos Tela 15,6 Led Fhd Black - Nj1288",Por Asus ,3.311,3.089,4.7,(78)
ASUS,Notebook Asus Vivobook 16 X1605va Intel Core I7 1355u 16gb Ram 512gb Ssd Windows 11 Home Tela 16 Ips Fhd Silver - Mb763w,Por Asus ,4.634,463,4.9,(11)
HP,Notebook HP 14 14-dq0002dx Intel Celeron 4 GB de RAM branco,,1.609,154,,
,"Notebook Positivo Vision R15 Lumina Bar, Amd Ryzen 5 16gb 512gb, Tela 15 Polegadas Full Hd Antirreflexo, Windows 11 Home Tecla Copilot - Preto",Por Positivo ,4.199,3.099,4.6,(12)
LENOVO,"Notebook Gamer Lenovo Loq 15irh8 Intel Core i5 12450H 16gb RAM 512GB SSD RTX 2050 Windows 11 Home Tela 15,6"" Full HD 83EU0001BR",Por Miranda ,5.158,495,4.9,(2019)
,"MacBook Air 13-inch 13"" midnight 8GB de Ram - 256GB SSD - Apple Chip M3",,8.889,889,4.8,(56)
HP,Notebook Hp Probook 440 G9 Intel Core I3-1215u 14 Intel Uhd 256gb 8gb Ram Windows 11 Pro- 839y2la#ak4,Por HP ,3.099,297,5.0,(6)
ASUS,"Notebook ASUS Vivobook Go E1504GA Intel Core i3 N305 8GB Ram 512GB SSD Windows 11 Tela 15,6"" FHD Silver - NJ435W",Por Asus ,3.199,3.039,4.9,(554)
ACER,"Notebook Acer Aspire 3 Intel Core i3– N305 FHD 15.6"" LED TN UHD para processadores Inte 256GB SDD 8GB RAM Debian 64 bits Prata - A315-510P-320B",,3.410,2.501,4.8,(201)
ASUS,"Notebook ASUS X515KA Intel Celeron Dual Core N4500 4GB Ram 128GB SSD Windows 11 Home 15,6 HD Grey EJ303WS",,1.775,170,4.7,(330)
ASUS,Notebook Asus Vivobook 16 Snapdragon X1 26 100 16gb 1tb W11,Por Mercado Livre ,8.235,791,,
LENOVO,"Notebook Lenovo Ideapad 1i Intel I5-1235u 8gb 512gb 15,6 W11",Por 2Eletro ,3.999,3.199,5.0,(7)
DELL,Notebook Dell Inspiron I15-i120k-a35p I5 16gb 1tb 15.6 W11,Por Dell ,4.000,400,4.8,(1369)
,Notebook Positivo Vision C14 Lumina BAR Celeron 4GB 128GB eMMC Tela 14 Polegadas HD Antirreflexo Windows 11 Tecla Link – Cinza,Por Positivo ,1.359,135,4.6,(3686)
,Notebook Positivo Master N1250 Pentium N5030 4gb 128gb W11 Cor Cinza,,1.987,198,4.6,(571)
ASUS,Notebook Asus Vivobook 16 X1605va Intel Core I7 1355u 8gb Ram 512gb Ssd Windows 11 Home Tela 16 Fhd Silver - Mb741w,Por Asus ,4.415,3.929,4.6,(9)
SAMSUNG,"Notebook Samsung Book 4 I3 1315u 8gb 512gb Ssd 15,6' W11 Pro",Por Eshop ,3.999,2.970,5.0,(2)
LENOVO,Notebook Lenovo Thinkpad T480 14  I5 8ª 8gb Ssd 256gb,Por Micro Livre ,1.719,171,4.8,(71)
LENOVO,Notebook Lenovo Ideapad 1i Celeron N4500 4gb 128gb 15.6' W11,Por 123 Comprou ,3.665,1.979,,
ASUS,"Notebook ASUS Vivobook Go 15 E510KA Intel Celeron Dual Core N4500 4GB Ram 128GB EMMC Windows 11 Home 15,60"" HD Black - BR808WS",Por Asus ,2.099,1.658,4.2,(19)
ASUS,Notebook Asus Vivobook 16 X1605va Intel Core I7 1355u 8gb Ram 512gb Ssd Linux Keepos Tela 16 Ips Fhd Silver - Mb742,Por Asus ,3.863,3.322,4.9,(19)
ASUS,"Notebook Asus Vivobook Go 15 E1504fa Amd Ryzen 5 7520u 4gb Ram 256gb Ssd Linux Keepos Tela 15,6 Fhd Black - Nj1287",Por Asus ,2.599,2.027,4.5,(42)
DELL,Notebook Dell Inspiron 7472 I7 16gb Ssd M.2 240gb Nvidia Mx,,3.099,2.913,,
LENOVO,Notebook Lenovo Thinkpad T14 I7 10210u 32gb 512m2,,3.450,345,,
LENOVO,Notebook Core I7(10ª Ger)16gb Ram 256ssd Bluetooth Hdmi Usbc,,2.690,269,,
,Notebook Positivo Motion Q464c Intel 4gb Ram 64 Gb Ssd,,999,99,,
ASUS,"Notebook Gamer ASUS TUF Gaming A15 AMD Ryzen 7 7435HS 3,1 GHz GeForce RTX™2050 8GB RAM 512GB SSD Linux KeepOs Tela 15,6 144Hz IPS FHD Graphite Black - FA506NFR-HN069",Por Mercado Livre ,4.943,494,4.8,(9)
LENOVO,"Lenovo Thinkpad T490 14,0 Fhd (1920 x 1080) 250 nits Ips Anti",,2.843,284,,
,"Notebook Chromebook Clamshell, 14, 32gb/4gb - Pc918a Cor Preto",Por Loja Multi ,1.399,140,4.7,(14)
LENOVO,Notebook Lenovo V14 Amd R5 7520u 8gb 256gb Ssd W11 Pro Preto,Por 2Eletro ,4.110,3.229,,
SAMSUNG,Notebook Samsung Galaxy Book4 I3- 1335u 512gb Np754xgj-kg3br,,4.999,4.449,5.0,(1)
LENOVO,Lenovo Thinkpad E470 I5 16gb 256gb Ssd Preto Windows 11,,1.590,159,5.0,(1)
LENOVO,"Lenovo Thinkpad T490 14,0 Fhd (1920 x 1080) 250 nits Ips Anti",,2.843,284,,
,Notebook Vaio Fe 16 Amd Ryzen 7 - 5825u Linux 8gb 512gb Ssd Tela 16 Ips Wuxga Antirreflexo - Cinza Grafite - Vjfe69f11xb0321h,Por Vaio ,4.299,3.499,,
LENOVO,Notebook Lenovo LOQ-e 15iax9e Intel Core i5-12450hx 16gb 512gb Ssd Rtx 3050 Windows 11 15.6 - 83me0007br Luna Grey,Por Mobcom ,9.510,4.699,,
ACER,Notebook Acer Nitro 16 AN16-73-772B / Intel® Core™ i7-14700HX 14ªGeração / 32GB DDR5 / 512SSD / Windows 11 / Nvidia® GeForce® RTX 4060 GDDR6 / 16” WQXGA (2560 x 1600) 165 Hz,Por Acer Brasil ,17.999,1.799,,
ASUS,"Notebook ASUS Vivobook Go E1504FA AMD Ryzen 5 7520U 8GB Ram 256GB SSD Windows 11 Tela 15,6"" FHD Black - NJ825W",Por Asus ,2.889,277,4.9,(82)
ASUS,Notebook Asus X515 Intel Celeron Dual Core 4 Gb 128 Gb Ssd,Por Mercado Livre ,1.869,186,,
LENOVO,"Notebook Lenovo IdeaPad 1i Intel Core i3-1215U 4GB 256GB SSD Linux 14"" 83AFS00500",Por Lenovo ,2.019,194,4.8,(4583)
LENOVO,Notebook Lenovo V14 G4 Intel Core I5 16gb 512gb Ssd W11 14 ,Por Lenovo ,4.199,419,5.0,(2)
HP,Notebook Hp 256r G9 Intel Core I5-1335u 15.6 Hd Intel® Iris Xe Graphics 256gb Ssd 16gb Ram Windows 11 Home Pls Sl- Ay6z5la#ak4,Por HP ,3.803,3.068,4.8,(56)
ACER,Notebook Acer Aspire 3 Ci3 15.6  Uhd 256gb 8gb Debian 64bits,Por Mobcom ,3.099,2.549,5.0,(1)
LENOVO,Notebook Lenovo Thinkbook 14 Intel Core i7 32gb 1tb W11pro,Por Lenovo ,6.929,665,,
ACER,Notebook Gam Nitro V Anv15-51-54dl I5 8gb 512gb Ssd Rtx4050,Por Acer Brasil ,7.299,5.699,4.8,(310)
ASUS,"Notebook Asus Vivobook 15 X1504za Intel Core I5 1235u 8gb Ram 512gb Ssd Windows 11 Tela 15,6 Fhd Silver - Nj986w",Por Asus ,3.699,3.129,4.9,(177)
DELL,"Notebook Latitude 5480 14"" preto 16GB de Ram - 480GB SSD - Intel Core i5",,2.844,273,4.0,(45)
LENOVO,"Notebook ThinkPad E14 14"" black 16GB de Ram 256GB SSD Intel Core i5 - Excelente (Recondicionado)",Por Micro Livre ,2.977,297,,
LENOVO,Notebook Lenovo Thinkpad T490 I7 16gb Ssd 256gb 14,,2.449,244,4.4,(5)
LENOVO,Chromebook Lenovo 100e Intel Celeron N4500 4gb 32gb,Por Lenovo ,1.484,143,5.0,(7)
ASUS,"Notebook Asus Vivobook 15 X1504za Intel Core I5 1235u 16gb Ram 512gb Ssd Linux Keepos Tela 15,60 Fhd Quiet Blue - Nj931",Por Asus ,3.799,3.099,4.8,(208)
HP,Notebook Hp I5 6ª Geração 16gb Ddr4 Ssd/ Com Garantia E N.f,,1.695,1.339,4.4,(16)
DELL,Notebook Dell Latitude 7490 I5 32gb Ssd 480gb,,3.560,2.314,,
,"Notebook Multi Ultra Celeron N4020c 4gb 128gb W11 15,6'' Cinza - Ub261",Por Gigantec ,1.621,1.489,4.6,(386)
LENOVO,Notebook Lenovo LOQ 15IRX9 Intel Core i5-13450HX RTX 3050 8GB 512GB SSD Windows 11 83KH0001BR Luna Grey,Por Lenovo ,5.644,542,5.0,(2)
LENOVO,Notebook Lenovo Thinkpad T480 14  I5 8a 8gb Ssd 256gb,,1.799,172,,
LENOVO,"Notebook Ideapad 1i Intel Core i7 1255U 16GB RAM 512GB SSD Windows 11 Home Tela 14"" HD 83AF000FBR",Por Lenovo ,4.039,388,4.8,(4583)
DELL,Notebook Dell Latitude E5470 I5 6ª Geração  8gb Ssd 256gb Nf,,1.998,1.698,,
LENOVO,Notebook Lenovo Loq 15irx9 Intel Core i7-13650hx 16gb 512gb Ssd Rtx 4050 Windows 11 15.6 - 83kh0003br Luna Grey,Por Lenovo ,7.499,720,5.0,(1)
DELL,Dell Latitude 5450 -i5- 13ª geração// 32 gb// 512 gb Touch Grey,,7.800,780,,
,"Notebook Positivo Vision R15 Lumina Bar, Amd Ryzen 7 16gb 512gb, Tela 15 Polegadas Full Hd Antirreflexo, Linux - Preto",Por Positivo ,3.899,3.099,4.8,(27)
LENOVO,"Notebook Lenovo Ideapad 1i Celeron N4020 128gb 4gb W11 15,6'",Por 123 Comprou ,3.665,1.979,5.0,(1)
DELL,Notebook Dell N4050 Core I3 8gb Ssd 240gb Hdmi,,899,89,,
LENOVO,Notebook Lenovo Thinkpad T470 I5 7th Ger 8g Ddr4 240gb Ssd,Por Tech Forte ,1.899,1.576,,
LENOVO,"Notebook Lenovo Yoga Slim 7 Aura Edition 14ILL10 Intel Core Ultra 7 258V 32GB 1TB SSD Windows 11 14"" - 83JX002UBR Luna Grey",Por Lenovo ,11.399,1.095,,
ASUS,Notebook Asus Zenbook 14 Intel Core Ultra7 16gb 1tb Ssd W11,Por Asus ,9.999,961,4.7,(12)
LENOVO,Notebook Lenovo E14 Core I7 10ger 16gb 240ssd Windows 11,Por SLA Informatica ,3.199,319,,
LENOVO,Notebook Ideapad 1i I5 16gb 512gb W11 Home 15.6  82vy000xbr,Por Lenovo ,3.699,3.459,4.9,(79)
LENOVO,Notebook Lenovo V14 G4 Intel Core I5 16gb 512gb Ssd W11 14 ,Por Lenovo ,3.779,363,,
DELL,Notebook Dell Latitude 5480 Core Intel I7 16gb Ram Ssd 256gb,,1.999,200,5.0,(3)
ASUS,Notebook Gamer Asus Tuf F15 Core I7 8gb 512ssd Linux Rtx3050 Cor Cinza,,5.290,508,4.5,(61)
, Rhodia QUADRICULADO A5 Capa Laranja 80 folhas  quadriculadas unidade x 1,,50,4,,
DELL,Notebook Dell Latitude 3420 Core I5 11ger 16gb 256gb Ssd,,3.399,339,,
LENOVO,Notebook Lenovo V14 Intel Core I5-13420h 16gb 512gb W11 Pro,Por Lenovo ,4.139,397,,
LENOVO,"Notebook Lenovo Ideapad 1i I3-1215u 8gb 256gb W11 15,6  ",Por 123 Comprou ,4.715,2.829,,
LENOVO,Notebook Lenovo ThinkBook 14 G6 Intel Core i5-13420H 16GB 512GB SSD Windows 11 - 21NQ000PBR Arctic Grey,Por Lenovo ,4.649,446,,
LENOVO,Notebook Lenovo Thinkpad E14 Ryzen 5 5500u 8gb 256gb,,2.599,2.469,,
ASUS,"Notebook ASUS Vivobook Go 15 E1504 AMD RYZEN 5 7520U 8GB Ram 256GB SSD Linux KeepOS 15,6” FHD Black E1504FA-NJ731",,2.473,237,4.8,(510)
ASUS,Notebook Asus Vivobook Intel Core I5 1235u 16gb 512ssd W11,Por Asus ,4.199,3.779,,
DELL,"Notebook Inspiron 3511 15.6"" preto 8GB de Ram - 256GB SSD - Intel Core i5",Por Mercado Vendeu ,3.896,3.467,4.6,(14)
,Notebook Multi Ultra Celeron N4020c 4gb 128gb W11 14'' Cinza,Por 123 Comprou ,2.531,1.499,4.6,(152)
SAMSUNG,"Notebook Samsung Galaxy Book4, Windows 11 Home, Intel® Core I5, 8gb, 256gb Ssd, 15.6'' Full Hd Led, 1.55 Kg - Grafite",,4.999,3.379,4.9,(1135)
,"Notebook Positivo Vision R15 Lumina Bar, AMD Ryzen 5 8GB 256GB, Tela 15 polegadas Full HD Antirreflexo, Linux - Preto",Por Positivo ,4.265,2.549,5.0,(1)
LENOVO,Notebook Lenovo V14 Intel Core I5 8gb 256gb Ssd W11 Pro 14 ,Por Lenovo ,3.734,358,,
DELL,"Notebook Inspiron 3511 15.6"" preto 8GB de Ram - 256GB SSD - Intel Core i5",Por Mercado Vendeu ,3.896,3.467,4.6,(14)
HP,Notebook Hp Elitebook 840 G3 Core I5-6300u 8gb Ssd 240gb,,1.199,119,5.0,(2)
LENOVO,Notebook Lenovo Yoga 7x Snapdragon X Elite 32gb 1tb W11,Por Lenovo ,10.139,974,4.0,(1)
LENOVO,Notebook Ideapad 1i I3 4gb 256gb Linux 14   Abyss Blue,Por Lenovo ,2.299,2.154,,
DELL,Notebook Dell Latitude 7490 Core I7 8gb Ssd256gb Win11 Nfe,,2.290,1.786,,
,"Notebook Chromebook Clamshell, 14, 32gb/4gb - Pc918a Cor Preto",Por Loja Multi ,1.399,140,4.7,(14)
ACER,Acer Aspire 5 15.6 Fhd I7-12650h Ssd 256gb 8gb Linux Gutta Cor Gamut,Por INPOWER ,4.629,3.299,4.8,(136)
SAMSUNG,Notebook Samsung Galaxy Book4 I3- 1335u 512gb Np754xgj-kg3br,,4.999,4.449,5.0,(1)
SAMSUNG,Notebook Galaxy Book2 intel core i7-1255U 8GB RA SSD 512GB 15.6 Full HD Windows 11 grafite NP550XED-KS2BR,Por Login ,5.298,4.299,4.8,(550)
LENOVO,Notebook Lenovo Lenovo V14 Amd Ryzen 5 8gb 256gb W11,Por Lenovo ,2.789,268,,
,Notebook Vaio Fh15 I7-12650h Rtx 3050 64gb 1tb 15.6 Fullhd Cor Cinza-escuro,Por Vaio ,9.959,7.199,,
SAMSUNG,"Notebook Samsung Galaxy Book4 Intel® Core™ i5-1335U (1.3 Ghz, até 4.6GHz, 12 MB L3 Cache), Windows 11 Home, 16GB, 512GB SSD, Iris Xe, 15.6'' Full HD LED, 1.55kg",Por Samsung ,4.249,4.036,4.9,(1674)
ASUS,Notebook Asus Zenbook Snapdragon X1 26 100 32gb Ram 1tb W11,Por Asus ,9.699,969,,
HP,Notebook Hp 256r G9 Ci3 15.6  Uhd Graphics 256gb Ssd 8gb W11,Por HP ,3.299,2.699,5.0,(6)
,"Bloco Rhodia Edição 90 Anos & Paper People 14,6x20,8cm 80fls",,54,5,,
DELL,Dell Latitude E7470 Core I5 - 6200 16gb 512gb Ssd - Vitrine,,1.789,178,,
LENOVO,Notebook Ideapad 1i I5 12gb 512gb Linux 15.6  82vys00900,Por Lenovo ,3.199,2.999,4.9,(60)
DELL,Notebook Dell Latitude 3440 Intel Core I3 13th 8gb 256ssd Cor Cinza,,4.148,3.692,,
,Tapete Office Mouse Pad Dupla Face Tecido sintético impermeável e antiderrapante Toque macio Geonav Preto E Cinza,,67,33,4.8,(27)
ACER,Notebook Acer Aspire 5 Ryzen 7 15.6  Radeon 512gb 8gb Linux,Por Mobcom ,8.999,3.099,4.7,(6)
ASUS,"Notebook Asus Vivobook Go 15 E1504fa Amd Ryzen 3 7320u 4gb Ram 128gb Ssd Linux Keepos Tela 15,6 Fhd Black - Nj1291",Por Asus ,2.179,209,4.7,(131)
LENOVO,Notebook Lenovo LOQ 15irx9 Intel Core i5-13450HX 16gb 512gb SSD RTX 3050 Windows 11 - 83kh0006br Luna Grey,Por Lenovo ,6.144,590,,
,"MacBook Air M2 (2022) 13.6"" starlight 8GB de Ram - 256GB SSD - Apple M",,7.099,682,4.9,(486)
,"Bloco Rhodia Edição 90 Anos & Paper People 8,3x11,8cm 80 Fls",,29,2,,
DELL,"Notebook Latitude 3420 14"" preto 8GB de Ram - 256GB SSD - Intel Core i5 - Excelente (Recondicionado)",Por Micro Livre ,2.632,263,,
,"Notebook Vaio Fe15, Amd® Ryzen 5, 8gb 256gb Ssd, Tela 15,6'' Full Hd Antirreflexo, Linux - Cinza Grafite, Vjfe59f11x-b1711h",,3.100,310,4.8,(1427)
,"MacBook Air M2 (2022) 13.6"" silver 8GB de Ram - 256GB SSD - Apple M",,7.226,722,4.9,(486)
LENOVO,Notebook Gamer Lenovo Loq-e Ci5-12450 Rtx3050 512gb 16gb W11,Por Mobcom ,10.000,4.999,,
ACER,Chromebook Acer Co731c6nn Intel Celeron 4gb Emmc32gb Chros,,1.550,1.285,4.0,(1)
LENOVO,Notebook Lenovo Yoga Slim 7 Intel Core Ultra 7 32gb 1tb W11,Por Lenovo ,12.999,12.169,,
DELL,Notebook Dell Latitude 7490 I5 8gb Ssd 240gb 14  60hz,,3.100,1.860,,
ASUS,"Notebook ASUS Vivobook 15 M1502YA AMD Ryzen 7 7730U 16GB Ram 1TB SSD Linux KeepOS 15,6"" FHD Cool Silver NJ493",Por Asus ,4.899,4.115,5.0,(1)
DELL,Notebook Dell I7 6a - 8gb Ram - Ssd 240gb- Windows 10+office,,2.319,1.576,,
ACER,Notebook Gam Nitro V Anv15-51-54dl I5 8gb 512gb Ssd Rtx4050,Por Acer Brasil ,7.299,5.449,4.8,(308)
DELL,Notebook Dell Latitude 5490 Core I5 8th 16gb Ram 256gb Ssdm,,2.999,299,4.1,(71)
DELL,Notebook Dell Gamer - Core I7 6th Superior,Por Tech Forte ,3.699,2.996,,
ASUS,"Notebook Asus Intel Celeron N4020 4gb 128gb Ssd W11 15,6 Cor Cinza",,2.469,246,4.7,(1073)
,Notebook Core I3-7020u Ssd 240gb Win10 Pro Original Wi-fi 5g,,1.799,180,,
DELL,"Notebook Dell Latitude 5480 14"" preto 16GB de Ram - 256GB SSD - 16GB HDD - Intel Core i5",,2.999,299,4.0,(45)
LENOVO,Notebook Ideapad 1 R3 8gb 256gb W11 15.6  82x5000abr,Por Lenovo ,2.699,2.554,4.7,(49)
ASUS,"Notebook Asus Vivobook Go E1504GA Intel Core I3 N305 4Gb Ram 256Gb Ssd Linux Keepos Tela 15,6 Fhd Silver - Nj447",,2.399,239,4.6,(394)
LENOVO,"Notebook Lenovo Yoga Slim 6i Intel Core i5-1240P Evo 16gb 512gb SSD Windows 11 Home Tela 14"" Cor Storm grey 83C70000BR",,5.206,500,4.8,(177)
LENOVO,Notebook Lenovo Ideapad 1 R5-7520u 8gb 512gb Ssd Linux 15.6 ,Por Lenovo ,2.799,2.649,4.8,(18)
ASUS,"Notebook Asus Vivobook 15 X1504za Intel Core I5 1235u 8gb Ram 256gb Ssd Linux Keepos Tela 15,6 Fhd Blue - Nj982",Por Asus ,3.099,309,4.7,(165)
,Notebook Multi Ultra Celeron N4020c 4gb 128gb W11 14'' Cinza,Por 123 Comprou ,2.531,1.349,4.7,(6)
LENOVO,Notebook Lenovo V14 Amd R5 7520u 8gb 256gb Ssd W11 Pro Preto,Por Lenovo ,3.174,305,,
LENOVO,Notebook Lenovo V14 G4 Intel Core i5 8gb 256gb Ssd W11 14 83GK000KBR,Por Lenovo ,3.374,324,5.0,(1)
LENOVO,Notebook Lenovo Ideapad 1 Intel Core i3 4gb 256gb Ssd Windows 11,Por Lenovo ,2.249,216,4.7,(7)
SAMSUNG,"Notebook Samsung Galaxy Book4, Windows 11 Home, Intel® Core I7, 16gb, 512gb Ssd, 15.6'' Full Hd Led, 1.55 Kg - Grafite",Por Samsung ,5.199,4.748,4.8,(315)
,Tapete Office Mouse Pad Dupla Face Tecido sintético impermeável antiderrapante Macio Geonav Preto E Azul,,39,3,4.9,(31)
,Notebook Multi Ultra Celeron N4020c 4gb 128gb W11 14'' Cinza,Por 123 Comprou ,2.531,1.499,4.6,(152)
SAMSUNG,"Notebook Samsung Galaxy Book4, Windows 11 Home, Intel® Core I5, 8gb, 256gb Ssd, 15.6'' Full Hd Led, 1.55 Kg - Grafite",,4.999,3.379,4.9,(1135)
,"Notebook Positivo Vision C15 Lumina Bar Celeron, 8GB 128GB eMMC, Tela 15.6"" HD Antirreflexo, Windows 11, Tecla Link, Cinza",Por Positivo ,3.331,1.799,4.6,(705)
,Notebook Positivo Vision R15 Ryzen 7 Linux 8gb 512gb Ssd,Por Positivo ,3.999,2.942,4.4,(17)
LENOVO,Notebook Lenovo V14 Amd R5 7520u 8gb 256gb Ssd W11 Pro Preto,Por Lenovo ,3.599,3.404,,
LENOVO,Lenovo Loq-e I5 Rtx 3050 16gb+controle Xbox+gift Card R$50,Por Mobcom ,6.656,5.099,,
LENOVO,Notebook Ideapad 1 R3 4gb 256gb W11 Home 15.6  82x5000ebr,Por Lenovo ,2.399,2.269,4.9,(24)
ACER,"Notebook Acer Aspire 5 A515-45-R5AT AMD Ryzen 5 5500U 15.6""AMD Radeon Graphics 256GB SDD 8GB RAM Windows 11",,3.639,363,4.9,(172)
LENOVO,"Notebook Lenovo Ideapad 1 Intel Core i3 1215U 4gb Ram 128gb Ssd Linux Tela 15,6"" Intel Uhd Graphics 82VYS01100",,2.299,2.161,4.8,(575)
LENOVO,Notebook Celeron 15.6 128gb Ssd 4gb W11 82bu0006br Lenovo Cor Prateado,Por 123 Comprou ,3.665,2.199,4.6,(2368)
,"Notebook Chromebook Clamshell, 14, 32gb/4gb - Pc918a Cor Preto",Por Loja Multi ,1.399,140,4.7,(14)
ACER,Acer Aspire 5 15.6 Fhd I7-12650h Ssd 256gb 8gb Linux Gutta Cor Gamut,Por INPOWER ,4.629,3.299,4.8,(136)
LENOVO,Ultrabook Lenovo Thinkpad L14 Gen2 I5-1145g7 16gb Nvme256+nf Cor Preto,,3.449,344,3.6,(7)
,Notebook Multilaser M11w Prime 2 Em 1 - Pc301 - Em Cor Prateado,,1.790,179,,
ASUS,"Notebook Gamer Asus Tuf Gaming F15 Fx507vu Rtx4050 Intel Core I7 13620h 16gb Ram 512gb Ssd Windows 11 Home 15,60 Fhd 144hz Ips Cinza - Lp177w",Por Asus ,8.739,8.039,4.8,(15)
LENOVO,Notebook Lenovo Thinkpad E14 I5 10a 16gb Ssd 240gb + Brinde,,2.398,1.990,4.7,(3)
,"Notebook Positivo Vision R15 Lumina Bar Amd Ryzen 5 16gb 512gb, Tela 15 Full Hd Antirreflexo, Linux - Preto",Por Positivo ,3.899,2.768,4.0,(22)
LENOVO,Notebook Lenovo V14 Intel Core I7 16gb 512gb Ssd W11 Pro 14 ,Por Lenovo ,5.399,539,,
ACER,"Notebook Gamer Acer Nitro V15 I7-13620h 13ªGen 8gb 512gb Rtx3050 6gb Linux 15.6"" FHD Preto - Anv15-51-7837",Por INPOWER ,7.599,5.399,3.0,(4)
,"Notebook Positivo Vision R15 Lumina Bar, AMD Ryzen 5 8GB 256GB, Tela 15 polegadas Full HD Antirreflexo, Linux - Preto",Por Positivo ,4.265,2.549,5.0,(1)
LENOVO,Notebook Lenovo V14 Amd R5 7520u 8gb 256gb Ssd W11 Pro Preto,Por 2Eletro ,4.110,3.229,,
HP,Notebook 256-g9 I3 8gb 256gb Ssd 15w11 7z3r2la Hp Cx 1 Un Cor Preto,,2.975,297,4.8,(467)
,Positivo Motion N4020 4m Cache Ssd 120gb +64gb Win11 Vitrine,,1.349,135,,
LENOVO,"Notebook Lenovo Ideapad 1i I7 12gb 512gb Ssd 15,6 Cloud Grey",Por Fast Shop ,4.254,3.943,4.9,(7)
LENOVO,Notebook Lenovo V14 Intel Core I7 16gb 512gb Ssd W11 Pro 14 ,Por Lenovo ,4.859,467,,
DELL,Notebook Dell G15 Core I5 13450hx 32gb Ssd512 Rtx3050 6gb Nf,,6.490,5.841,,
DELL,Notebook Dell Latitude 5280 Core I5 7300u 16gb 256gb Ssd,,1.899,1.709,,
,Notebook Positivo Master Dual Core 14' 4gb 480gb Ssd,Por 4Show ,1.609,160,3.8,(4)
,Notebook Vaio Carbon Intel Core I5 10ger 8gb 240ssd 14pol,Por SLA Informatica ,2.599,259,4.7,(3)
DELL,Notebook Dell Xps 13 9370 13.3 I7 8th 16gb M2 512gb 4k Touch,,3.999,399,,
,"Notebook 2 em 1 Multilaser M11W Prime PC302 11.6"" prata 4GB de Ram - 64GB SSD - Intel Pentium",,1.656,165,3.8,(38)
LENOVO,Notebook Lenovo Thinkpad P16v Intel Ultra 7 16gb 1tb W11 Pro,Por Lenovo ,14.499,13.569,,
,Notebook Positivo Master N1140 Celeron 14.1 4gb 240gb Ssd,,1.479,147,,
LENOVO,Notebook Lenovo Thinkpad L440 I7 4ager 16gb Ssd 256gb,,1.499,1.424,,
LENOVO,Notebook Lenovo Thinkpad X1 Carbon Intel I7 8650u 16gb 256gb,,2.815,2.252,5.0,(1)
LENOVO,"Notebook Lenovo Ideapad 3 R5 8gb 256gb Ssd 15,6'' W11 Cor Prateado",,120.000,12.245,4.9,(230)
,Hub Usb-c 3.2 Multi Dispositivos 4 Portas Aluminio Geonav,,199,33,4.3,(12)
LENOVO,Notebook Lenovo T480 Core I5-8ªth 16gb Ssd 240gb Tela Hd Cor Black - Excelente (Recondicionado),,1.712,171,5.0,(8)
DELL,Notebook Dell Latitude 3470 Core I5 + 16 Gb Ram + 480 Gb Ssd,Por Tech Forte ,2.496,1.542,4.5,(319)
,Notebook Fe15 Ryzen 5 16gb 512gb Ssd 15'' Fhd W11 Vaio,,3.679,367,4.8,(49)
,"MacBook Pro A1989 (2019) 13.3"" prata 8GB de Ram - 512GB SSD - Intel Core i5 - Excelente (Recondicionado)",,3.999,400,,
LENOVO,Notebook Lenovo Thinkbook 14 Intel Core i5 16gb 256gb Windows 11 PRO,,5.399,539,,
,"Notebook Ultra UB220 15.6"" prata 4GB de Ram - 120GB SSD - Intel Celeron",,1.626,162,4.3,(131)
LENOVO,Notebook Ideapad 1i I3 4gb 256gb Linux 15.6  82vys00600,Por Lenovo ,2.399,2.224,4.5,(13)
LENOVO,Notebook Lenovo Thinkpad X1 Carbon I7-8th 16gb 256gb +brinde,,2.797,2.181,,
DELL,Notebook Dell Inspiron 5440 Core 7 150u 16gb 512ssd Mx570a Cor Prateado,,6.922,6.160,,
ASUS,Notebook Asus Vivobook 15 Intel Core I5 1235u 8gb 512ssd Fhd,Por Asus ,3.399,2.769,4.6,(21)
LENOVO,Notebook Lenovo Thinkbook 16 Intel Core I7 16gb 512gb W11pro,Por Lenovo ,7.559,726,,
LENOVO,Notebook Lenovo ThinkBook 14 G6 Intel Core i7-13700H 16GB 512GB SSD Windows 11 - 21NQ000HBR Arctic Grey,Por Lenovo ,6.119,588,,
LENOVO,Notebook Lenovo T480 Core I5-8ªth 16gb Ssd 240gb Tela Hd Cor Black - Bom (Recondicionado),,1.749,174,5.0,(8)
,"MacBook Air M1 2020 13"" prata 8GB de Ram - 256GB SSD - Apple M - Aceitável (Recondicionado)",Por OTH Produtos ,4.290,429,5.0,(1)
ASUS,"Notebook ASUS Vivobook Go 15 E1504GA Intel Core i3 N305 8GB Ram 256GB SSD Windows 11 Home Tela 15,6"" FHD Silver - NJ434W",,2.652,254,4.9,(39)
DELL,Notebook Dell Latitude 5431 Core I5 1250p 16gb 512gb Ssd,,4.299,3.869,,
LENOVO,Notebook Lenovo Thinkbook 16 Intel Core I5 16gb 512gb W11,Por Lenovo ,6.499,649,,
HP,Notebook Elitebook Hp 840 I5 6300u 16gb Ssd 256gb Win 11,,1.849,184,4.5,(161)
LENOVO,Notebook Lenovo Thinkbook 16 Intel Core I7 16gb 512gb W11,Por Lenovo ,6.139,590,,
LENOVO,Notebook Ideapad 1 R5 8gb 512gb W11 15.6  82x5000gbr,Por Lenovo ,3.099,2.900,5.0,(2)
LENOVO,Notebook Lenovo V14 Amd R5 7520u 8gb 256gb Ssd W11 Pro Preto,Por 2Eletro ,4.110,3.229,,
SAMSUNG,Notebook Samsung Galaxy Book4 I3- 1335u 512gb Np754xgj-kg3br,,4.999,4.449,5.0,(1)
DELL,Notebook Dell Xps 9320 Cor Cinza,,10.808,1.080,,
ASUS,Notebook Asus Vivobook S14 Core Ultra 7 32gb 1tb Ssd W11,Por Asus ,11.499,1.149,,
HP,Notebook Hp Probook L8u43av#8gb - I5 - Ssd 256gb,Por Saldao da informatica ,1.776,170,3.7,(7)
ASUS,"Notebook Gamer ASUS TUF Gaming F15 FX507VU RTX4050 Core i7 13620H 8Gb Ram 512Gb SSD Linux 15,6"" FHD 144Hz Gray LP151",,8.999,899,5.0,(61)
ASUS,Notebook Asus Intel I7 13th 16gb 512ssd 16'' Fhd Prateado,,3.550,341,,
,Notebook Samsung Galaxy Book Go 7c snapdragon  4gb 128ssd Cor Prata,,1.999,199,,
LENOVO,Notebook Lenovo Thinkpad T480 I5 8a 16gb Ssd 240gb + Brinde,,1.798,1.528,4.2,(5)
,Baita Notebook Emachines Acer Intel Em Oferta!!,,699,69,,
SAMSUNG,"Notebook Samsung Galaxy Book4 360, 16gb, Intel Core I7, 1tb Ssd, Windows 11 Home, 15.6'' Full Hd Amoled, Np750qgk-kg1br",Por Samsung ,7.999,7.295,4.7,(86)
ASUS,"Notebook ASUS TUF Gaming A15 FA506NFR RTX 2050 AMD Ryzen 7 7435HS 16Gb Ram 512Gb SSD Windows 11 Home Tela 144Hz nivel IPS 15,6"" FHD Graphite Black - HN060W",Por Asus ,5.999,5.319,4.5,(8)
DELL,Notebook Dell Core 2 Duo Muito Bom!!!,,649,64,,
LENOVO,Notebook Lenovo E14 Intel Core I5 10ger 16gb 240ssd Win 11 Cor Black,,3.756,375,5.0,(1)
ASUS,"Notebook Gamer ASUS TUF Gaming F15 FX507ZC4 RTX 3050 Intel Core i5 12500H 16Gb Ram 512Gb SSD Linux KeepOS Tela 15,6"" 144Hz Gray - HN232",Por Asus ,5.799,557,4.9,(11)
DELL,"Notebook Dell 3400: I5-8265u 8gb Ssd 240 Gb, Windows 11",,2.899,289,,
LENOVO,"Notebook Gamer Legion 5 Intel Core i7-14650HX 16GB 512GB SSD RTX4060 8GB W11Home 16"" WQXGA 83EW0002BR",Por Lenovo ,10.349,994,,
,"MacBook Air M2 (2022) 13.6"" midnight 8GB de Ram - 256GB SSD - Apple M",,7.456,745,4.9,(486)
ACER,Notebook Gamer Acer Nv 7037 I713ªg 16gb 512ssd Rtx4050 Gutta,Por Acer Brasil ,6.999,6.199,4.8,(98)
, Rhodia Katakana 162100K 80 folhas  quadriculadas 1 assuntos unidade x 1 14.8cm x 21cm cor laranja,,55,5,,
LENOVO,Notebook Lenovo V14 G4 Intel Core I3 8gb 256gb Ssd W11 14 ,Por Lenovo ,3.059,294,,
,"Notebook Positivo Vision R15 Lumina Bar, Amd Ryzen 5 8gb 256gb, Tela 15 Polegadas Full Hd Antirreflexo, Windows 11 Home Tecla Copilot - Preto",Por Positivo ,3.999,2.799,4.7,(87)
,"Bloco Rhodia Edição 90 Anos & Paper People 7,2x10,3cm 80 Fls",,24,,,
DELL,Notebook Dell Latitude 3420 I5 11th Com 16gb 512gb,,3.605,360,,
LENOVO,Notebook Lenovo Thinkbook 14 Intel Core i5 16gb 512gb W11pro,Por Lenovo ,5.219,501,,
,"Notebook Vaio Fh15 Intel Core I7 12th 16gb 1tb Ssd Tela 15,6'' Full Hd Antirreflexo, Nvidia Rtx 3050 6gb Shell Efi Cinza Chumbo Vjfh51f11x-b0311h",Por Vaio ,9.999,6.399,5.0,(3)
,"Bloco Rhodia Edição 90 Anos & Paper People 10,3x14,6cm 80fls",,34,3,,
DELL,Notebook Dell I5 6ª Geração/ 8gb /ssd  Promoção Com Garantia,,1.429,138,4.0,(2)
HP,Notebook Hp Probook 445 G10 Ryzen 5 Série 753u 16gb 512nvme Prateado,,3.590,359,,
HP,"Note Hp, Elitebook 840 G6, 14'', Core I5, 8gb, Ssd-256gb",Por OTH Produtos ,1.890,181,5.0,(5)
LENOVO,Notebook Lenovo V14 Intel Core I3-1315u 8gb 256gb W11 Pro,Por Lenovo ,3.419,328,,
ASUS,"Notebook Gamer ASUS TUF Gaming F15 FX507ZC4 RTX 3050 Intel Core i5 12500H 8Gb Ram 512Gb SSD Linux KeepOs Tela de 15,60"" 144Hz Mecha Gray - HN100",,5.490,527,4.9,(34)
DELL,"Notebook Dell i15-i120K-A20P 12ª Geração Intel Core i5-1235U 8GB DDR4 e SSD de 256GB Tela Full HD de 15,6'' Windows 11 Home",,3.931,377,4.7,(260)
,"MacBook Pro MacBook Pro 16"" M3 Max 16"" preto 48GB de Ram - 1TB SSD - Apple M3",,44.000,,5.0,(1)
DELL,Dell Latitude 5400 Core I5 8th 8gb Ssd 240 Seminovo,,1.708,170,,
ASUS,"Notebook ASUS TUF Gaming F15 FX507VV RTX4060 Intel Core i7 13620H 8Gb Ram 512Gb SSD Linux KeepOS Tela Nível IPS 15,6"" LED 165Hz Mecha Gray - HQ334",Por Asus ,9.299,7.949,5.0,(4)
ASUS,Notebook Asus X515 N4500 16gb Ram Ddr4 512gb Nvme Windows 11,,3.299,3.035,,
,"Notebook Hq Joy, I5 1035g1 8gb Ssd 256gb 15.6 Windows 11",,2.999,299,5.0,(1)
LENOVO,"Notebook Lenovo Thinkpad E14 Gen 6 14 Ultra 5 125u 16gb 512gb, cor preta",,6.520,652,,
,Notebook Netbook Positivo Mobo S7  Laptop- Com Garantia E Nf,,369,36,3.5,(67)
DELL,"Notebook Dell Latitude 3540 Core I5 1235u 16gb Y Ssd512 Win 11, cor cinza escuro",,5.199,519,,
,"MacBook Air M1 2020 13"" ouro 8GB de Ram - 256GB SSD - Apple M",,6.089,608,4.9,(236)
,"Bloco Rhodia Edição 90 Anos & Paper People 20,8x31,6cm 80fls",,99,9,,
LENOVO,Notebook Lenovo Core I5 8gb 256gb Ssd 15.6 Fullhd Win 10 Pro colorido cinza grafite,,3.799,379,5.0,(10)
,"Notebook Positivo Vision i15 Intel Core i5 11ª gen 8GB RAM 512GB SSD, Lumina Bar Windows 11 Home, Tela 15” Full HD Antirreflexo – Cinza",Por Gigantec ,3.343,2.837,4.9,(47)
HP,Notebook Hp Elitebook 840 G9 Intel Vpro I5- W11p 256gb,Por HP ,8.177,4.599,5.0,(1)
DELL,Notebook Dell Latitude 5490 Core I7 8 Geração 16gb Ssd 240gb,,3.899,3.587,,
ASUS,Notebook Asus Vivobook Go Core I3 N305 4gb 256ssd W11 Fhd,Por Asus ,2.399,239,4.8,(461)
,Notebook Intel Quadcore 6gb Ram Ssd 64gb Tela 14.1 Ips Usb 3,,1.750,1.408,4.2,(46)
SAMSUNG,Notebook Samsung Galaxy Book4 I3- 1335u 512gb Np754xgj-kg3br,,4.999,4.449,5.0,(1)
DELL,Notebook Dell Latitude 3490 Core I7 8ger 16gb 512gb Ssd Preto,,3.999,399,3.9,(7)
SAMSUNG,"Notebook Samsung Galaxy Book4, Windows 11 Home, Intel® Core I5, 8gb, 256gb Ssd, 15.6'' Full Hd Led, 1.55 Kg - Grafite",,4.999,3.379,4.9,(1135)
,Notebook Multi Ultra Celeron N4020c 4gb 128gb W11 14'' Cinza,Por 123 Comprou ,2.531,1.499,4.6,(152)
,"Notebook Chromebook Clamshell, 14, 32gb/4gb - Pc918a Cor Preto",Por Loja Multi ,1.399,140,4.7,(14)
,"Notebook 15,6 Pol Intel N95 Gtx1060 8gb Ssd 256gb Windows 11",Por INTERFY ,3.040,292,,
ACER,Notebook Gamer Nitro V15 Anv15-51-57ws I5 Lx 8gb 512gb Ssd,Por Acer Brasil ,5.299,529,4.8,(315)
ASUS,Notebook 15.6'' X515ja-ej1792w 256 Gb 8 Gb Ram Core I5 Asus Cor Cinza,,3.199,319,4.7,(306)
LENOVO,Notebook Lenovo Thinkpad E14 Amd Ryzen 5 16gb 512gb W11 Pro,,5.641,564,,
DELL,"Notebook Latitude Dell Latitude 5400 14"" cinza 16GB de Ram - 256GB SSD - Intel Core i5",,2.699,269,,
DELL,"Notebook Dell Inspiron Intel Core I5 1235U 12ª Geração 16GB RAM, 512 SSD, Linux, Tela 15.6 Full Hd I15-I120K-U30P",,4.256,425,4.8,(127)
ACER,Acer Aspire 5 15.6 Fhd I7-12650h Ssd 256gb 8gb Linux Gutta Cor Gamut,Por INPOWER ,4.629,3.299,4.8,(136)
LENOVO,Notebook Lenovo V14 Amd R5 7520u 8gb 256gb Ssd W11 Pro Preto,Por 2Eletro ,4.110,3.229,,
DELL,Notebook Dell Xps 9320 Cor Cinza,,10.808,1.080,,
,"Apple MacBook Pro A2992 14"" space black 18GB de Ram - 512GB SSD M3",,14.027,1.402,5.0,(6)
,"Apple MacBook Air (13 polegadas, 2020, Chip M1, 256 GB de SSD, 8 GB de RAM) - Cinza-espacial",,5.781,578,4.9,(1083)
DELL,"Dell Inspiron 5566, I5-7200u, 8 Gb, 240 Gb Ssd, 15.6",,1.649,164,,
SAMSUNG,"Notebook Samsung Galaxy Book Go Snapdragon® 7c Gen 2 (Kryo™ 468 Octa-core CPU, até 2.55 GHz), Windows 11 Home, 4GB, 128GB UFS, 14'' Full HD LED, 1.38kg",,2.054,197,4.6,(314)
,"Notebook Multi I3-8145u 4gb 240gb Ssd Linux 15,6'' Cinza - Ub491",,1.745,174,4.6,(45)
LENOVO,"Notebook Lenovo V15 Intel Core i7-1255u 16gb 512gb SSD Windows 11 Pro 15""",,8.990,899,5.0,(10)
DELL,Notebook Dell Latitude 5430 Corei5-1235U 16gb Ram 512gb Ssd Plateado,,4.618,461,,
,"Notebook gamer ROG Strix Scar 17 G733 17.3"" preto 32GB de Ram - 1TB SSD - AMD Ryzen 9",,32.625,,4.7,(3)
LENOVO,Lenovo Thinkpad X230 8gb Ram 240gb Ssd Windows 10,,1.199,119,,
DELL,Notebook Dell Latitude E6440 I5 2.70ghz Ssd 120gb 4gb Ram,,826,82,,
LENOVO,Notebook Lenovo V15 G3 Iap/i5-1235u/8gb/ssd256gb/w11pro,,3.699,369,5.0,(1)
DELL,Notebook Dell Latitude E5470 - Core I5 6200 - 8gb 500gb - Excelente (Recondicionado),,1.699,169,5.0,(1)
LENOVO,Lenovo Thinkpad T14 Gen 3 I5 16 Ram 512 Gb Ssd Win 11 Pro,,4.499,449,4.0,(10)
DELL,Notebook Dell Latitude Intel Core I5 8gb Ssd 256gb Win11,,2.299,229,4.5,(2)
DELL,Notebook Dell 5420 Core I5 11°ger 16gb Ssd 512gb Nvme,,2.699,269,,
ASUS,Notebook Gamer Rog Strix G16 G614ji Nvidia Rtx4070 Intel Core I9 13980hx 32gb Ram 1tb Ssd Windows 11 Tela 16 240hz Fhd Gray - N4440w,,14.274,1.427,4.7,(6)
LENOVO,Notebook Lenovo Thinkpad E14 Amd Ryzen 7 7730u 40gb 512ssd M Preto,,4.999,3.999,,
DELL,Notebook Dell Latitude 3440 Intel Core I5 16g 256ssd Cor Preto,,4.970,497,4.1,(8)
SAMSUNG,"Notebook Samsung Galaxy Book4, Windows 11 Home, Intel® Core 7, 16gb, 512gb Ssd, Nvidia® Geforce® Mx570, 15.6' Full Hd Led, Fingerprint - Grafite",Por Samsung ,6.699,6.364,4.8,(86)
LENOVO,Notbook Lenovo T480 Intel Core I5-83350u 16gb Ssd 256gb 14,,1.749,174,,
ASUS,Computador portátil Asus Zenbook 14 Oled Q415m 14 Touch Intel Ultra 5 Color Gris Oscuro,,5.899,589,,
DELL,Notebook Dell Latitude 3420 Core I7 11th 64gb Ram 1tb Ssd Cor Grafite,,6.707,670,4.8,(24)
LENOVO,"Lenovo Thinkpad E14: Laptop Empresarial De 14'', Amd Ryzen 7 7730u, 16 Gb De Ram, Ssd De 512 Gb, Lector De Huellas Dactilares, Hdmi, Rj45, Wi-fi 6.",,4.700,4.324,,
DELL,Notebook Dell Inspiron 3520 Core I5-1235u 8gb 512gb Ssd Fhd,,3.699,369,,
DELL,Notebook Dell Latitude 3400 Corei3 8th Ssd256gb 16gb(barato),,2.999,1.349,5.0,(1)
,"Apple MacBook Air (13 polegadas, 2020, Chip M1, 256 GB de SSD, 8 GB de RAM) - Prata",,6.065,606,4.9,(1083)
LENOVO,Notebook Lenovo Thinkpad T480 14  I5 8a 8gb Ssd 256gb,,1.499,149,5.0,(5)
DELL,Notebook Dell 5410 Tela Full Hd  I5-10ª Ger 16gb Ssd 512gb,,2.399,239,5.0,(1)
,Notebook Gamer Dell G15-i1300-a20p I5 8gb 512gb 15.6'' W11,,5.499,,4.8,(440)
,"MacBook Pro A2159 13.3"" cinza-espacial 8GB de Ram - 128GB SSD - Intel Core i5 - Excelente (Recondicionado)",,3.299,329,,
ASUS,"Notebook Asus Vivobook 15 M1502ya Amd Ryzen 7 7730u 16gb Ram 512gb Ssd Linux Keepos 15,6 Fhd Cool Silver - Nj495",Por Asus ,3.958,395,5.0,(4)
,Notebook Gamer Msi Katana I7 16gb 1tb Ssd 15.6 Rtx 4070 8gb Cor preto,,9.891,989,,
HP,Notebook HP Probook 640 G2 prateado - Excelente (Recondicionado),,1.599,159,,
LENOVO,Notebook Lenovo Ideapad 3i I3-10110u 8gb Ram 256gb Ssd,,2.079,207,,
LENOVO,Notebook Lenovo Thinkpad E14 I5 16gb 512gb Ssd W11 Pro,,4.799,479,3.6,(7)
ACER,Notebook Acer Vero Av15- 51-53ap I5 8gb 256gb Ssd 15.6 Eco,,3.999,399,4.8,(116)
LENOVO,Notebook Lenovo E14 Core I5 10ger 16gb 240ssd Win 11 01,Por SLA Informatica ,2.799,269,,
ACER,Notebook Acer Aspire 3 Intel Core I3 11ª 4gb Ssd 512gb 15.6,,2.599,249,5.0,(20)
HP,Notebook Zbook Fury 17 Polegadas Nvidia Quadro Rtx3000 6gb Cinza,,6.990,671,,
LENOVO,Notebook Lenovo Thinkpad E14 Amd Ryzen 7 7730u 40gb 512ssd Preto,,5.789,4.341,,
,"Notebook VAIO FH15 Intel Core i7 13th 32GB 1TB S SSD Tela 15,6'' Full HD Antirreflexo NVIDIA RTX 3050 Shell Efi Cinza Chumbo VJFH52F11X-B0821H",Por Vaio ,7.280,728,4.5,(33)
ASUS,Notebook ASUS Vivobook I3 8GB 512GB Endless X1500EA-EJ3667,,2.999,299,4.6,(236)
SAMSUNG,"Notebook Samsung Galaxy Book4, Windows 11 Home, Intel® Core I5, 8gb, 256gb Ssd, 15.6'' Full Hd Led, 1.55 Kg - Grafite",,4.999,3.379,4.9,(1135)
,Notebook Multi Ultra Celeron N4020c 4gb 128gb W11 14'' Cinza,Por 123 Comprou ,2.531,1.499,4.6,(152)
,"Notebook Chromebook Clamshell, 14, 32gb/4gb - Pc918a Cor Preto",Por Loja Multi ,1.399,140,4.7,(14)
,"Notebook VAIO FH15 Intel Core i7 13th 32GB 1TB S SSD Tela 15,6'' Full HD Antirreflexo NVIDIA RTX 3050 Shell Efi Cinza Chumbo VJFH52F11X-B0821H",Por Vaio ,7.280,728,4.5,(33)
ASUS,Notebook ASUS Vivobook I3 8GB 512GB Endless X1500EA-EJ3667,,2.999,299,4.6,(236)
ACER,Notebook Acer Aspire 5 A514-54-57hc I5 8gb Ssd 512gb 14 Fhd Ips Windows 11 Pro,,4.396,422,4.8,(461)
DELL,"Notebook Dell Vostro 3520 15.6 i5-1235U 8 Ram 256ssd Win 11H, cor preta",,3.999,399,,
LENOVO,Notebook Lenovo T480 Core I5-8ªth 16gb Ssd 240gb Tela Hd Cor Black - Aceitável (Recondicionado),,1.799,172,5.0,(8)
,"MacBook Air M2 (2022) 13.6"" space gray 8GB de Ram - 256GB SSD - M",,7.620,762,4.9,(486)
LENOVO,Notebook Celeron 15.6 128gb Ssd 4gb W11 82bu0006br Lenovo Cor Prateado,Por 123 Comprou ,3.665,2.199,4.6,(2368)
ACER,"Notebook Gamer Acer Nitro V15 I7-13620h 13ªGen 8gb 512gb Rtx3050 6gb Linux 15.6"" FHD Preto - Anv15-51-7837",Por INPOWER ,7.599,5.399,3.0,(4)
,"Notebook Positivo Vision R15 Lumina Bar, AMD Ryzen 5 8GB 256GB, Tela 15 polegadas Full HD Antirreflexo, Linux - Preto",Por Positivo ,4.265,2.549,5.0,(1)
SAMSUNG,"Notebook Samsung Galaxy Book Go Snapdragon® 7c (Kryo™ 468 Octa-core CPU, até 2.55 GHz), Windows 11 Home, 4GB, 128GB UFS, 14'' Full HD LED, 1.38kg",,2.165,216,4.7,(7606)
ACER,Notebook Gamer Acer Nitro 5 An515-45-r1fq Amd Ryzen 7 Windows 11 Home 8gb 512gb Ssd Gtx 1650 15.6 Polegadas,,5.999,599,4.8,(920)
LENOVO,Notebook Lenovo Thinkpad E431 Core I5 8gb Ssd 240 Win 11 Pró,,1.250,125,5.0,(3)
HP,Notebook Hp Elitebook 840 G7 Core I5 10° 16gb Ssd 256gb Nvme,,2.589,258,4.6,(12)
DELL,Notebook Dell 3400 I7 8ª 16gb Ssd 256gb (Recondicionado),,2.099,210,,
DELL,Notebook Dell Latitude 5440 I5 16 GB de RAM 512 GB Ssd 14 Fhd,,5.550,533,,
LENOVO,Notebook Lenovo V14 Amd R5 7520u 8gb 256gb Ssd W11 Pro Preto,Por 2Eletro ,4.110,3.229,,
SAMSUNG,Notebook Samsung Galaxy Book4 I3- 1335u 512gb Np754xgj-kg3br,,4.999,4.449,5.0,(1)
DELL,Notebook Dell Xps 9320 Cor Cinza,,10.808,1.080,,
,MacBook Air M2 2022 midnight 16GB de Ram - 256GB SSD - Apple M,,8.254,825,5.0,(4)
LENOVO,Notebook Lenovo Thinkpad L14 G1 Ryzen 5-4650u Pro 8gb 256gb,,2.289,228,,
LENOVO,Notebook Lenovo P53 I7 9° 16gb Ssd 512gb M2 - Nvidia 4gb,,3.700,370,,
HP,Notebook Hp Zbook Core I7 10th 32gb 512gb Ssd Quadro Rtx3000 Cinza,,6.990,699,,
DELL,Notebook Dell Latitude 5400 Core I5 16gb Ram 256gb Ssd Win11,,1.598,159,,
DELL,Notebook Dell Latitude 5440 Core I7 13th 32gb Ram 512gb Ssd,,7.300,730,5.0,(2)
DELL,Notebook Dell 5420 Core I5 11°th 16gb Ddr4 Ssd 256gb,,2.499,249,,
DELL,Notebook Dell Latitude 3410 i5-10210U de 8 GB e 256 GB W10pro 14 cores preto,,3.258,325,4.2,(45)
LENOVO,Notebook Lenovo Ideapad 3i I51135g7 8gb 256gb Ssd Intel Iris® Xe W11 15.6 Fhd 82md0007br,,3.020,302,5.0,(4)
DELL,Dell Core I5 11th 16gb Ram 256gb Ssd Win11 Vostro 3400 Ntbk,,3.699,2.885,4.7,(3)
ACER,"Notebook Acer Aspire 3 A315-24p-R9ys 8gb Amd R3, cor cinza",,3.429,342,,
HP,Notebook Hp 250 G8 I5-1035 G1 8GB 256GB SSD W10p Cor Cinza-escuro,,3.804,380,,
,Apple Macbook Pro 14 Chip M4 16gb 512ssd 2024 Lançamento,,15.799,1.579,,
ACER,"Chromebook Acer 315/15,6'/Intel N4020+4 GB de RAM+SSD de 64 GB",,1.699,169,,
ASUS,"Notebook Asus Vivobook Core I5 8gb 256ssd Linux 15,6 Prata Cor Prateado",,2.999,2.819,4.3,(60)
DELL,Notebook Dell Latitude 3420 - I7 11ª - Ssd 512gb  16gb Ram,,2.899,2.464,5.0,(1)
ASUS,"Notebook Asus E510ma-br1348ws Intel Celeron Dual Core N4020 1,1 Ghz 4gb Ram 128gb Emmc Led Hd Windows 11 Home + Office 365 Personal Incluso - Rosa",,2.649,264,4.6,(21)
DELL,"Notebook Dell Latitude Intel Core I5 16gb, Ssd, Com Garantia",,1.195,115,,
LENOVO,Notebook Lenovo Thinkpad E14 I5 8gb 256gb Ssd Windows 11,,3.999,399,3.6,(7)
HP,"Notebook 256-g8 Hp, Intel Core I3, Wh11, 8gb, 256gb Ssd - Excelente (Recondicionado)",,2.299,229,,
ASUS,"Notebook ASUS Vivobook Intel Core i5 8GB 256GB SSD KeepOS 15,6"" FHD Icelight Silver - X1502ZA-EJ1761",,3.199,319,4.8,(497)
SAMSUNG,Notebook Samsung Book i5-1135G7 8GB 512GB SSD 15.6'' Intel Iris Xe Windows 11 Cinza Chumbo,,3.100,297,4.7,(3096)
,"MacBook Air M2 (2022) 13.6"" space gray 8GB de Ram - 256GB SSD - Apple M",,7.099,682,4.9,(486)
ACER,Notebook Acer Chromebook Cb5-132t-c32m 2 Em 1 Intel Celeron,,899,89,,
DELL,"Notebook Dell Inspiron I15 Intel Core i3 -1215U (12ªGeração), 8GB RAM, 256GB SSD, Linux, Tela 15,6"" FULL HD - I15-I120K-U10P",,3.525,338,4.9,(12)
,"MacBook Air M2 (2022) 13.6"" cinza-espacial 8GB de Ram - 256GB SSD - Apple M",,7.099,682,4.9,(486)
HP,Notebook Dell Latitude 3420 Core I7 11ª G 16gb Ssd 256gb 14,,3.700,355,,
,Alienware M18 R2 Fhd+ 480 hz i9-14900HX 64 GB Rtx 4090 4 TB Cor da lua metálica escura,,38.499,34.649,,
LENOVO,Notebook Lenovo Legion Slim 5 Intel Core i7 16gb Ram 512gb Ssd 16'' Windows 11,,8.458,812,4.7,(132)
,"Notebook Ultra, Linux, 15,6 Pol. HD, Intel Celeron, 240GB SSD/ 8GB RAM, Cinza Escovado - UB262",Por Loja Multi ,1.699,1.510,4.5,(53)
LENOVO,"Notebook Lenovo V15 Intel I5 1235u, 16gb, 512gb Ssd, W11 Pro",,4.999,480,,
,"Notebook Ultra, Com Windows 11 Pro, Tela 14 Pol Ul154i5wpro Cor Preto",Por Loja Multi ,2.399,239,4.5,(2)
DELL,Dell Notebook Core I5 8th 16gb Ssd Win11 Pro Latitude 5400 Cor Cinza-escuro,,3.025,302,4.1,(53)
,Apple Macbook Air 13 M4 16gb Ram | 256gb Ssd | Lacrado Azul,,10.699,1.028,,
,Macbook Air Retina Processador M2 8gb Ram 512ssd - 2022,,8.827,882,5.0,(1)
DELL,Dell Alienware M18 R2 I9-14900 128gb 2tb Ssd Rtx 4090 16gb,,44.999,4.499,,
LENOVO,Notebook Lenovo V14 Amd R5 7520u 8gb 256gb Ssd W11 Pro Preto,Por 2Eletro ,4.110,3.229,,
DELL,Notebook Dell Xps 9320 Cor Cinza,,10.808,1.080,,
SAMSUNG,Notebook Samsung Galaxy Book4 I3- 1335u 512gb Np754xgj-kg3br,,4.999,4.449,5.0,(1)
DELL,Dell Alienware M18 R2 I9-14900 128gb 2tb Ssd Rtx 4090 16gb,,44.999,4.499,,
ASUS,Notebook Asus Vivobook 15 Intel Core I5 1235u 8gb 512ssd W11,Por Asus ,3.699,3.107,5.0,(3)
LENOVO,Notebook Lenovo V14 G4 Intel Core I5 8gb 256gb Ssd W11 14 ,Por Lenovo ,3.749,374,,
ASUS,Notebook Asus Zenbook S14 Core Ultra7 258v 32gb 1tb Ssd W11,Por Asus ,14.999,13.919,3.7,(3)
LENOVO,Notebook Lenovo Thinkpad T480 I7 8a Ger 16gb M2 256gb Brinde,,2.389,238,5.0,(3)
LENOVO,Notebook Lenovo Ideapad 1-14 Core I5-1235u 12gb 512gb Ssd,,1.989,198,,
LENOVO,Notebook Lenovo Ultrafino Ideapad 3i I3-1215u 8gb 256gb Ssd ,Por Login ,3.199,2.849,,
DELL,Notebook Dell Latitude 7490 I5 16gb Ssd 240gb 14,,3.250,2.015,,
SAMSUNG,Notebook Samsung Galaxy Book4 Ultra 32gb Intel Core Ultra 7 1tb Ssd Windows 11 Home 16'' Wqxga Amoled Antirreflexo Touchscreen Np960xglxg2br Grafite,Por Fast Shop ,11.457,1.145,4.7,(53)
DELL,Laptop Dell Vostro 3401 Core I5 ​​​​de 10ª geração 8 GB 256 GB SSD de 14 polegadas - Excelente (Recondicionado),Por Tech Forte ,2.399,239,,
,Notebook VAIO FE16 Amd Ryzen 7 - 5700u Linux 16gb 512gb Ssd Tela 16 Ips Wuxga Antirreflexo - Cinza Grafite - Vjfe69f11xb0811h,Por Vaio ,4.499,3.579,4.2,(5)
ASUS,"Notebook Asus Vivobook 15, Intel I5-1235u, 8gb, 512gb Ssd",Por Fast Shop ,3.319,3.126,5.0,(1)
HP,Notebook Hp 640 G4 Core I5 8° Ger 8gb Ssd 256gb,,1.699,169,4.0,(1)
LENOVO,Notebook Lenovo Thinkpad E14 Amd Ryzen 5 16gb 256gb Wpro 14 ,Por Lenovo ,5.849,562,,
ACER,Notebook Predator Acer Phn16-71-72w6 Ci7 16gb 512ssd Rtx4060,Por Acer Brasil ,10.999,8.399,4.7,(33)
DELL,"Notebook Dell Core I7 4,0ghz 16gb Ssd M2 512gb Latitude",Por Canal Eletro ,3.103,310,4.5,(6)
DELL,Notebook Dell Latitude 3420 Core I5 11ger 16gb 256gb Ssd,Por SLA Informatica ,3.399,339,3.7,(3)
,Notebook Ultra Win11 Home 14 Pol Celeron 4g Ram 128gb Ub250,Por Loja Multi ,1.499,149,5.0,(1)
HP,Notebook Hp Elitebook 840 G7 Core I5 10ª Ger 16gb Ssd 256gb,,2.399,239,5.0,(2)
LENOVO,Notebook Lenovo E14 Core I7 10ger 16gb 240ssd Windows 11,,3.199,319,,
DELL,Notebook Dell Latitude 3480 I7 8gb 240gb Ssd Windows 10 Pro,,1.499,1.394,,
,"Notebook Positivo Vision C15 Lumina Bar Celeron, 8gb 256gb Emmc, Tela 15 Polegadas Hd Antirreflexo, Linux, Tecla Link, Cinza",,1.718,171,4.7,(166)
ASUS,Notebook Asus Vivobook Go Core I3 N305 8gb 512ssd W11 Fhd,Por Asus ,3.059,305,,
HP,Notebook Hp Elitebook 840 G7 Core I5 10° 8gb Ssd 240gb,,2.498,249,4.3,(3)
LENOVO,Notebook Lenovo V-Series V15-IGL,,2.800,280,,
LENOVO,Notebook Lenovo ThinkBook 14 G6 Intel Core i5-13420H 8GB 256GB SSD Windows 11 - 21NQ000QBR Arctic Grey,Por Lenovo ,4.209,404,,
HP,Notebook Elitebook Hp 830 G7 Core I7 16 Gb De Ram Ssd 512 Gb,,2.466,246,4.4,(5)
LENOVO,Notebook Core I5 Lenovo Thinkpad T14 Gen1 16gb 256gb Ssd M2,,2.699,269,,
HP,Notebook Intel Core I5 6ª Geração 8gb Ddr4 Ssd 256gb,,1.479,147,4.5,(17)
LENOVO,Notebook Lenovo Ultrafino Ideapad 3i I3-1215u 8gb 256gb Ssd ,Por Login ,2.999,2.699,,
DELL,Notebook Dell Core I5 4ª Gen 8gb / Hd/ Hdmi / Com Garantia.,,1.395,1.163,,
,"MacBook Air 13-inch 13"" starlight 16GB de Ram - 512GB SSD - Apple Chip M3",,10.810,1.081,,
DELL,Notebook Dell Vostro 5490 I5 10th 8gb Ssd 240gb,,2.299,2.184,,
DELL,Notebook Dell Latitude 5450 14 Ultra 7 165u 32gb 512gb Ssd,,9.400,940,,
DELL,Notebook Dell Latitude I5 6a Ger. 16gb Ddr4/ Ssd/ C Garantia,,1.549,148,,
HP,Notebook Dell Latitude E6420 Core I5 8gb Ssd 120gb Hdmi Cor Prateado - Excelente (Recondicionado),,1.429,138,,
DELL,Notebook Dell Latitude 5420 Core I5g7 16gb 256gb Ssd+ Brinde,,2.998,2.668,,
ASUS,"Notebook Asus Vivobook 15 X1504za-Nj1217 Intel Core I5 1235u 4gb Ram 256gb Ssd Linux Keepos Tela 15,60 Azul",Por Asus ,2.999,299,4.7,(78)
,"Notebook Asus Vivobook Intel Core I3 1215u, 8 GB de RAM, SSD de 128 GB, Full HD, Windows 11 Home",,2.499,,5.0,(1)
LENOVO,Notebook Lenovo LOQ-e 15iax9e Intel Core i7-12650hx 16gb 512gb Ssd RTX 4050 Windows 11 Pro 15.6 - 83me000bbr Luna Grey,Por Lenovo ,9.999,9.359,,
DELL,Notebook Dell Vostro 3480 I5-6th 8gb Ram 256gb Ssd,,2.799,1.399,,
DELL,"Notebook Dell Latitude 7450 I5 8 Gb Ram 256 Gb SSD 14"" DIMM preto",,2.933,293,,
DELL,Notebook Dell Latitude E5430 I5 3340m 8gb Ram 240gb Ssd,,1.399,1.119,5.0,(1)
DELL,Notebook Dell Latitude 7480 Core I5 6a Ger 8gb Ssd 256gb 14,,1.410,141,,
ASUS,"Notebook ASUS TUF Gaming F15 FX507VV RTX4060 Intel Core i7 13620H 16Gb 512Gb SSD Windows 11 Home Tela 165Hz Nivel IPS 15,6"" FHD Mecha Gray - HQ333W",Por Mercado Livre ,11.499,9.906,4.9,(8)
DELL,Notebook Dell Latitude 3420 Core I5 11ger 8gb 512ssd - Novo,Por SLA Informatica ,3.599,359,4.9,(7)
LENOVO,Notebook Lenovo Ideapad 15iau7 Ci5 8gb 512ssd W11 82vy000qbr,Por Vikings ,4.284,3.099,4.8,(12)
DELL,Notebook Dell Inspiron 15 I7 8550u 8gb 240gb Radeon 520 2gb,,2.399,1.919,,
